"Cenário","Gini","Bottom_50","Top_9","Top_1","Arrecadacao_BR","Dif_Arrecadacao_BR"
"Regime Atual",0.618162611523319,0.140601193043457,0.549830216622847,0.317101148680385,357.455580132644,0
"Nova Proposta",0.617107824838582,0.14043640957961,0.547427357244633,0.310239947725056,349.794732285554,-7.66084784709005
"Nova c/ Aliq. Máxima",0.615797377969974,0.140922558912012,0.545860684550584,0.30785220233955,372.344464456097,14.8888843234524
